Article Content,Author Name,Likes,Shares,Views,Summary,Tags
"Artificial intelligence continues to transform industries at an unprecedented pace. Recent studies show that AI implementation has increased productivity by 35% in manufacturing sectors while reducing operational costs. Companies investing in machine learning algorithms report higher customer satisfaction rates and more accurate demand forecasting. Meanwhile, regulatory bodies worldwide are developing frameworks to address ethical concerns about autonomous decision-making systems and potential workforce displacement.",Sarah Johnson,732,156,8754,,
"Remote work adoption has reached new heights with 78% of companies now offering permanent flexible arrangements. A recent study of 500 organizations revealed improved employee retention rates and access to geographically diverse talent pools. However, challenges persist in areas of cybersecurity and maintaining corporate culture. Technology providers are responding with enhanced collaboration tools that simulate in-person interactions through advanced virtual reality environments.",Michael Chen,615,243,6932,,
"Climate scientists have documented concerning temperature anomalies across the Pacific Ocean, indicating potential early formation of El Niño conditions this year. Satellite data suggests a 0.8°C increase in average sea surface temperatures compared to historical norms. Environmental agencies warn that these changes could trigger more extreme weather events globally, including droughts in Australia and flooding in South America. Conservation groups are calling for accelerated renewable energy transitions to mitigate further climate disruption.",Elena Rodriguez,521,187,4329,,
"Intermittent fasting research has yielded promising results in metabolic health improvement according to a comprehensive review published last month. Analysis of 32 clinical trials indicated significant improvements in insulin sensitivity and inflammatory markers when participants adhered to time-restricted eating patterns for at least six weeks. Researchers noted that the 16:8 protocol showed the highest compliance rates among study participants. Medical professionals emphasize the importance of personalized approaches based on individual health conditions.",David Thompson,478,109,5273,,
"The minimalist lifestyle movement has expanded beyond home aesthetics to influence workplace design and digital interfaces. Industry leaders report increased productivity in streamlined environments with reduced visual distractions. Retail trends show growing consumer preference for multifunctional, sustainable products with longer lifecycles. Psychological studies correlate simplified living spaces with reduced anxiety and improved focus. Designers are responding with modular solutions that maximize functionality while minimizing environmental footprint.",Olivia West,689,241,7392,,
"Cryptocurrency markets experienced significant volatility following new regulatory announcements from European Central Banks. Bitcoin's valuation fluctuated by 18% over a 48-hour period, while smaller altcoins saw even more dramatic price movements. Institutional adoption continues despite market uncertainty, with three major payment processors announcing integration of digital currency options this quarter. Financial analysts remain divided on long-term stability prospects as central banks accelerate development of government-backed digital currencies.",Jason Morrow,549,172,6218,,
"Quantum computing research achieved a breakthrough with successful error correction implementation on a 50-qubit system. The development potentially addresses one of the field's most significant challenges in scaling quantum processors. Industry experts suggest practical applications in pharmaceutical research and materials science could materialize within five years, significantly ahead of previous estimates. Major technology firms have increased quantum computing departments by an average of 40% in response to accelerating progress.",Priya Gupta,816,203,9154,,
"Artificial intelligence ethics frameworks are being rapidly developed by international standards organizations. Proposals focus on transparency requirements for AI decision-making systems and accountability structures for automated processes. Legal experts warn that inconsistent regional approaches may create compliance challenges for multinational corporations. Meanwhile, open-source AI initiatives are gaining momentum as alternatives to proprietary systems controlled by large technology companies.",Alex Kim,563,134,6472,,
"Remote work technologies are evolving to address persistent challenges in virtual collaboration. New platforms integrate augmented reality components that allow for spatial arrangement of digital assets and more intuitive team interactions. Employee surveys indicate strong preferences for hybrid models rather than fully remote arrangements, with 68% desiring 2-3 office days weekly. Companies report significant real estate cost reductions through office space optimization for flexible attendance patterns.",Jamie Lee,704,219,5837,,
"Climate adaptation infrastructure investments have doubled in coastal regions over the past eighteen months. Engineering firms report unprecedented demand for flood mitigation systems and resilient building designs. Insurance companies have revised risk models to account for changing weather patterns, resulting in premium increases for vulnerable properties. Urban planners are incorporating green infrastructure solutions that simultaneously address heat island effects and stormwater management challenges.",Casey Smith,492,153,4982,,
"Artificial intelligence applications in healthcare diagnostics have demonstrated impressive accuracy rates in recent clinical validations. Machine learning algorithms trained on diverse patient databases showed 94% accuracy in identifying early-stage skin cancers, outperforming experienced dermatologists in controlled tests. Integration challenges remain significant, with concerns about system interoperability and electronic health record compatibility. Medical associations are developing specialized AI literacy programs for healthcare practitioners.",Sarah Johnson,612,187,7345,,
"Remote work impacts on urban demographics show significant population shifts away from traditional business centers. Housing markets in mid-sized cities with high quality-of-life ratings have experienced average price increases of 23% since 2022. Transportation patterns have fundamentally changed, with public transit systems adapting service models to accommodate new commuting behaviors. Economic development strategies increasingly focus on digital infrastructure quality rather than physical office capacity.",Michael Chen,539,143,5921,,
"Climate policy implementation varies dramatically across regions, creating complex compliance environments for global businesses. Carbon pricing mechanisms now cover approximately 28% of worldwide emissions, though with significant price disparities between systems. Energy-intensive industries report accelerating investments in emissions reduction technologies, driven by both regulatory pressures and shareholder expectations. Environmental monitoring technologies have advanced significantly, enabling more accurate verification of climate commitments.",Elena Rodriguez,753,228,8437,,
"Intermittent fasting protocols are being refined based on chronobiology research linking meal timing to circadian rhythms. Recent studies indicate that aligning eating windows with natural light cycles maximizes metabolic benefits. Researchers have identified significant differences in glucose response based on individual genetic factors, challenging one-size-fits-all fasting recommendations. Mobile applications incorporating adaptive scheduling algorithms have shown improved user adherence rates compared to static protocols.",David Thompson,628,193,6583,,
"Minimalist design principles are increasingly influencing digital product development, emphasizing functionality reduction and intuitive interfaces. User experience research demonstrates higher satisfaction and lower abandonment rates for streamlined applications with focused feature sets. The trend represents a significant shift from feature-rich software development approaches that dominated previous decades. Design philosophies emphasizing intentional constraints are gaining popularity across consumer and enterprise applications.",Olivia West,574,162,5324,,
"Cryptocurrency adoption among traditional financial institutions has accelerated despite regulatory uncertainties. Investment banks have expanded digital asset trading desks in response to client demand, while maintaining conservative public positions. Technological developments in cross-chain interoperability have addressed previous limitations in blockchain communication. Security remains a primary concern, with decentralized finance protocols experiencing significant exploits despite security audits.",Jason Morrow,687,217,7432,,
"Quantum computing applications in materials science could revolutionize battery technology development according to research published last quarter. Simulations of molecular interactions at quantum levels may accelerate discovery of novel energy storage solutions by orders of magnitude compared to classical computing methods. Industry partnerships between quantum hardware providers and materials manufacturers have increased by 65% year-over-year. Experts suggest commercial applications could emerge within this decade, potentially transforming electric vehicle and renewable energy storage economics.",Priya Gupta,539,178,6127,,
"Artificial intelligence deployment in manufacturing sectors has reached critical mass with over 60% of large producers implementing machine learning systems for quality control. Computer vision applications demonstrate 98.7% accuracy in defect detection, significantly outperforming traditional inspection methods. Workforce implications remain complex, with simultaneous job displacement and creation of new technical roles. Industry associations are developing specialized certification programs to facilitate worker transitions to AI-augmented production environments.",Alex Kim,482,156,5921,,
"Remote work security challenges have intensified as distributed workforce models become permanent. Cybersecurity incidents targeting home networks increased 47% over the past year, with phishing attempts specifically designed to exploit remote work vulnerabilities. Organizations report difficulties in maintaining consistent security protocols across employee-owned devices. Zero-trust architecture implementation has accelerated in response, with identity verification replacing network location as the primary security boundary.",Jamie Lee,613,184,7234,,
"Climate science modeling has significantly improved predictive accuracy through integration of quantum computing techniques and advanced machine learning algorithms. New models incorporate previously unmanageable data complexity, enabling more precise regional forecasts. Research institutions report enhanced ability to simulate atmospheric system interactions and feedback loops that were previously oversimplified. These improvements have particular relevance for agricultural planning and disaster preparedness in vulnerable regions.",Casey Smith,574,203,6832,,
"Intermittent fasting research has expanded beyond weight management to explore cognitive performance impacts. Preliminary studies indicate potential benefits for neuroplasticity and cellular repair mechanisms in brain tissue when caloric intake is restricted within defined time windows. Attention and memory assessments show modest improvements after eight weeks of consistent fasting protocols. Researchers emphasize the importance of protein adequacy during eating windows to support cognitive function optimization.",Sarah Johnson,496,157,5431,,
"Minimalist product design has transformed consumer electronics, with market leaders reporting stronger brand loyalty for streamlined offerings. User research indicates growing frustration with feature bloat and interface complexity among mainstream consumers. Manufacturing advantages include simplified supply chains and reduced material usage, contributing to both cost efficiencies and sustainability goals. Design philosophies emphasizing essential functionality over feature maximization have demonstrated particular resonance with younger demographic segments.",Michael Chen,652,192,7342,,
"Cryptocurrency technology is evolving beyond financial applications into digital identity verification systems. Blockchain implementations provide secure, decentralized credential verification while maintaining user privacy and control. Educational institutions have begun piloting blockchain-based academic credential systems that reduce fraud while simplifying verification processes. Adoption challenges include technical integration complexity and varying regulatory approaches to digital identity across jurisdictions.",Elena Rodriguez,537,168,6243,,
"Quantum computing researchers have demonstrated promising results in optimization problems relevant to logistics and supply chain management. Algorithm improvements show potential for significant efficiencies in route planning and inventory management beyond classical computing capabilities. Industry experts note particular relevance for complex distribution networks with numerous constraints and variables. Early commercial applications are focusing on specific high-value optimization problems rather than general-purpose computing replacement.",David Thompson,723,214,8324,,
"Artificial intelligence implementations in customer service have achieved new benchmarks in resolution accuracy and customer satisfaction. Natural language processing improvements enable more nuanced understanding of customer intent, reducing escalation rates by 42% in controlled studies. Voice synthesis technologies now score within 5% of human speakers in naturalism assessments. Organizations report significant cost efficiencies while maintaining or improving service quality metrics through strategic AI deployment.",Olivia West,582,183,6742,,
"Remote work productivity research challenges conventional assumptions about supervision requirements. Data from 320 companies indicates that autonomous teams with clearly defined objectives consistently outperform micromanaged remote workers across all measured performance metrics. Digital collaboration tools continue to evolve, with asynchronous communication features showing particular effectiveness for globally distributed teams. Organizations report reduced meeting frequency as a key factor in sustained productivity improvements.",Jason Morrow,647,197,7324,,
"Climate adaptation technologies are attracting unprecedented investment levels, with particular focus on water management solutions and heat-resistant agriculture. Venture capital funding for climate resilience startups has increased 87% year-over-year. Municipal governments in vulnerable regions are incorporating adaptation requirements into building codes and infrastructure planning. Insurance companies have become significant investors in preventative technologies that reduce climate-related claim risks.",Priya Gupta,538,173,6324,,
"Intermittent fasting patterns show interesting variations in effectiveness across demographic groups according to a comprehensive meta-analysis published this year. Research indicates that women may benefit from modified protocols with slightly longer eating windows compared to male participants. Age-related factors also influence optimal fasting durations, with older adults showing more favorable metabolic responses to moderate time restrictions rather than extended fasting periods. Researchers emphasize personalization based on individual health factors and objectives.",Alex Kim,629,193,7342,,
"Minimalist software design philosophies are gaining traction as digital fatigue concerns grow among consumers. Applications emphasizing core functionality without extraneous features report higher daily active user retention. Interface simplification consistently correlates with reduced support ticket volumes and improved user satisfaction metrics. Development teams note that constraint-focused approaches often accelerate deployment timelines while improving overall product quality. The trend represents a significant shift from feature-driven development cycles that dominated previous decades.",Jamie Lee,547,176,6432,,
"Cryptocurrency governance models are evolving to address scaling challenges and community management issues. Decentralized autonomous organizations have implemented sophisticated voting mechanisms that balance token holder influence with technical expertise. Hybrid governance structures incorporating both on-chain voting and professional management show promising results for complex protocol management. Regulatory responses vary significantly by jurisdiction, creating compliance challenges for globally distributed projects.",Casey Smith,683,213,7843,,
"Quantum computing advancements in error correction have significantly increased qubit stability, addressing a key limitation in practical applications. New techniques demonstrate 80% reduction in decoherence under laboratory conditions. Material science innovations in superconducting circuits contribute to improved performance at less extreme cooling requirements. Major technology companies have accelerated commercial development timelines in response to these technical breakthroughs, with preliminary industry applications expected within three years.",Sarah Johnson,592,184,6743,,
"Artificial intelligence applications in legal document analysis have transformed contract review processes for major corporations. Machine learning systems demonstrate 95% accuracy in identifying problematic clauses while processing documents 200 times faster than human reviewers. Implementation challenges include integration with existing workflow systems and addressing attorney concerns about oversight responsibilities. Professional associations are developing ethical guidelines for appropriate AI utilization in legal practice contexts.",Michael Chen,647,196,7342,,
"Remote work has catalyzed significant changes in professional development approaches, with emphasis shifting to self-directed learning and skill verification. Online certification programs report enrollment increases averaging 230% compared to pre-pandemic levels. Organizations are reimagining career advancement pathways that rely less on physical presence and more on demonstrable skills and outcomes. Learning platforms have evolved to incorporate more sophisticated assessment methodologies that verify practical competencies rather than knowledge retention alone.",Elena Rodriguez,528,163,6251,,
"Climate mitigation strategies increasingly focus on methane re

